Page title and screen class,Views
Alutamarket - The Revolutionary Student Marketplace,17735
Official Futasu Store | Alutamarket | Alutamarket - The Revolutionary Student Marketplace,6565
Alutamarket Campus Ambassadors | Careers | Alutamarket | Alutamarket - The Revolutionary Student Marketplace,30
Vicky's collection | Alutamarket | Alutamarket - The Revolutionary Student Marketplace,30
Shalom's Allure | Alutamarket | Alutamarket - The Revolutionary Student Marketplace,25
Careers | Alutamarket | Alutamarket - The Revolutionary Student Marketplace,18
D'Rich Msty Essence | Alutamarket | Alutamarket - The Revolutionary Student Marketplace,18
4 LATEST FEATURES ON ALUTAMARKET | Alutamarket Blog | Alutamarket - The Revolutionary Student Marketplace,17
Ellie's luxe Haven | Alutamarket | Alutamarket - The Revolutionary Student Marketplace,17
We've Just Made History! | Alutamarket Blog | Alutamarket - The Revolutionary Student Marketplace,14
African Daisy Concepts | Alutamarket | Alutamarket - The Revolutionary Student Marketplace,10
Vida Luxe Signature | Alutamarket | Alutamarket - The Revolutionary Student Marketplace,10
Bestfit stitches | Alutamarket | Alutamarket - The Revolutionary Student Marketplace,9
Career Not Found | Alutamarket | Alutamarket - The Revolutionary Student Marketplace,9
Pearluxejewels | Alutamarket | Alutamarket - The Revolutionary Student Marketplace,8
Store Not Found | Alutamarket | Alutamarket - The Revolutionary Student Marketplace,8
Josh's Jewels | Alutamarket | Alutamarket - The Revolutionary Student Marketplace,7
Marvic lit | Alutamarket | Alutamarket - The Revolutionary Student Marketplace,7
GabeX Connect | Alutamarket | Alutamarket - The Revolutionary Student Marketplace,6
Tehillah Atelier | Alutamarket | Alutamarket - The Revolutionary Student Marketplace,6
Adejoke thrift hub ðŸ›ï¸ðŸ›’ | Alutamarket | Alutamarket - The Revolutionary Student Marketplace,5
Arewa luxuries | Alutamarket | Alutamarket - The Revolutionary Student Marketplace,5
Honeybee'spot of flavors | Alutamarket | Alutamarket - The Revolutionary Student Marketplace,5
Preshie Resin Artistry | Alutamarket | Alutamarket - The Revolutionary Student Marketplace,5
Asabi Royale | Alutamarket | Alutamarket - The Revolutionary Student Marketplace,4
Limelight Styling Hub | Alutamarket | Alutamarket - The Revolutionary Student Marketplace,4
Oraimo & Itel Products | Alutamarket | Alutamarket - The Revolutionary Student Marketplace,4
ADUNâœ¨ | Alutamarket | Alutamarket - The Revolutionary Student Marketplace,3
Declan Foods | Alutamarket | Alutamarket - The Revolutionary Student Marketplace,3
Amiola Raiment | Alutamarket | Alutamarket - The Revolutionary Student Marketplace,2
Emerald Hub | Alutamarket | Alutamarket - The Revolutionary Student Marketplace,2
JMKAY Home Essentials | Alutamarket | Alutamarket - The Revolutionary Student Marketplace,2
JPM COLLECTION | Alutamarket | Alutamarket - The Revolutionary Student Marketplace,2
Mascot Tasty Crunches | Alutamarket | Alutamarket - The Revolutionary Student Marketplace,2
Oraimo Official Store | Alutamarket | Alutamarket - The Revolutionary Student Marketplace,2
dtyksw0i1 | Alutamarket | Alutamarket - The Revolutionary Student Marketplace,2
Amy's Atelier | Alutamarket | Alutamarket - The Revolutionary Student Marketplace,1
Loaka Foods | Alutamarket | Alutamarket - The Revolutionary Student Marketplace,1
